t,yn,un
0.0,0.07118937080627395,2.0
1.0,0.20525669147824668,2.0
2.0,0.6173434243880318,2.0
3.0,0.4449595832900307,2.0
4.0,0.5765711850542445,2.0
5.0,0.8099075506674678,2.0
6.0,0.6156731217343776,2.0
7.0,0.7211433313047935,2.0
